ProductID, Name, Image, Artist
20806,He Is Risen,http://www.reparteegallery.com/images/original/DP500376.jpg,Del Parson
24154,Christ And Children From Around The World,http://www.reparteegallery.com/images/original/DP500371.jpg,Del Parson
41573,Perfect Love,http://www.reparteegallery.com/images/original/DP500386.jpg,Del Parson
41579,Good Shepherd,http://www.reparteegallery.com/images/original/DP500153.jpg,Del Parson
41585,Facing Eternity,http://www.reparteegallery.com/images/original/DP500152.jpg,Del Parson
41591,Christ's Love,http://www.reparteegallery.com/images/original/DP500151.jpg,Del Parson
41597,American Prophet,http://www.reparteegallery.com/images/original/DP500144.jpg,Del Parson
41609,Aaronic Priesthood,http://www.reparteegallery.com/images/original/DP500143.jpg,Del Parson
41615,Be Not Afraid,http://www.reparteegallery.com/images/original/DP500146.jpg,Del Parson
41621,Behold Your Little Ones,http://www.reparteegallery.com/images/original/DP500147.jpg,Del Parson
41627,Birth Of Jesus,http://www.reparteegallery.com/images/original/DP500148.jpg,Del Parson
41633,Black Lamb,http://www.reparteegallery.com/images/original/DP500149.jpg,Del Parson
41644,Greatest Of All,http://www.reparteegallery.com/images/original/DP500154.jpg,Del Parson
41655,Fisher Of Men,http://www.reparteegallery.com/images/original/DP501132.jpg,Del Parson
41661,I Have Prayed For Thee,http://www.reparteegallery.com/images/original/DP500156.jpg,Del Parson
41667,In His Glory,http://www.reparteegallery.com/images/original/DP500157.jpg,Del Parson
41673,In The Arms Of His Love,http://www.reparteegallery.com/images/original/DP500158.jpg,Del Parson
41679,Infinite Worth,http://www.reparteegallery.com/images/original/DP500159.jpg,Del Parson
41690,Lost Lamb,http://www.reparteegallery.com/images/original/DP500160.jpg,Del Parson
41696,Mary Magdalene,http://www.reparteegallery.com/images/original/DP500161.jpg,Del Parson
41702,Master Servant,http://www.reparteegallery.com/images/original/DP500162.jpg,Del Parson
41708,Mother's Love,http://www.reparteegallery.com/images/original/DP500163.jpg,Del Parson
41720,Rescue,http://www.reparteegallery.com/images/original/DP500167.jpg,Del Parson
41726,Stripling Warrior,http://www.reparteegallery.com/images/original/DP500169.jpg,Del Parson
41732,Such Is The Kingdom,http://www.reparteegallery.com/images/original/DP500171.jpg,Del Parson
41738,Thy Will Be Done,http://www.reparteegallery.com/images/original/DP500172.jpg,Del Parson
41744,Welcome,http://www.reparteegallery.com/images/original/DP500173.jpg,Del Parson
41750,What Manner Of Man,http://www.reparteegallery.com/images/original/DP500174.jpg,Del Parson
41757,Story Time In Gallilee,http://www.reparteegallery.com/images/original/DP500170.jpg,Del Parson
43385,Gentle Christ,http://www.reparteegallery.com/images/original/CH1007326.jpg,Del Parson
44287,Mary's Son,http://www.reparteegallery.com/images/original/DP1007888.jpg,Del Parson
